{
  "C0": -5062.838494224045,
  "a": 5064.228886833986,
  "b": 0.000311058288657212,
  "nominal_capacity": 2.0,
  "failure_threshold": 0.8
}