{
  "C0": 2334.734368334221,
  "a": -2333.6712826885805,
  "b": -0.0001285744844176126,
  "nominal_capacity": 2.0,
  "failure_threshold": 0.8
}